user_input,output,flag,username,timestamp
],"An error occurred: You exceeded your current quota, please check your plan and billing details.",,,2023-10-01 01:47:27.447762
,,,,,,,2023-10-01 03:56:52.557138
"I'm looking for the latest information on immunotherapy, such as papers, articles, and other resources.","Title: Accelerating Cancer Immunotherapy Research - Home
URL: https://acir.org/
ID: HZR_qaJdxsdGnppQBwWKtw
Score: 0.22096574306488037
Published Date: 2023-01-25
Author: None
Extract: None","Title: Understanding Cancer Immunotherapy Research
URL: https://www.ucir.org/
ID: 3zQq9C9w8wImygNKLRaVKQ
Score: 0.2168467491865158
Published Date: 2020-01-01
Author: None
Extract: None",,,2023-10-01 04:49:01.577634
